1,M047
1,M048
1,M046
1,T004
1,M045
1,M050
1,L001
1,M044
1,D004
1,M043
1,E002
1,T005
1,M042
1,L002
2,M027
2,L003
2,M028
2,M029
2,M037
2,D003
2,M030
2,D005
2,M038
2,L005
2,M031
2,T003
2,M036
2,M032
2,M035
2,M033
2,M034
2,L004
2,M039
2,L006
2,F001
2,M040
2,D006
2,M041
2,L007
2,F002
3,M004
3,M005
3,D002
3,M011
3,M012
3,M003
3,M006
3,T001
3,M010
3,M013
3,M009
3,R002
3,M002
3,M007
3,M014
3,D013
3,I011
3,I012
3,M008
3,M001
3,M015
4,M023
4,M016
4,D012
4,D008
4,D009
4,D016
4,M022
4,D010
4,L010
4,M017
4,T002
4,R001
4,D007
4,D014
4,D015
4,M018
4,M019
4,M021
4,M026
4,L009
4,M025
4,M024
4,D001
4,M020
4,L011
4,D011
4,M051
