M047,8
M047,9
M047,10
M047,11
M047,12
M047,13
M047,14
M047,15
M047,16
M048,8
M048,9
M048,10
M048,11
M048,12
M048,13
M048,14
M048,15
M048,16
M046,8
M046,9
M046,10
M046,11
M046,12
M046,13
M046,14
M046,15
M046,16
T004,8
T004,9
T004,10
T004,11
T004,12
T004,13
T004,14
T004,15
T004,16
T004,17
M045,8
M045,9
M045,10
M045,11
M045,12
M045,14
M045,15
M045,16
M050,8
M050,9
M050,10
M050,11
M050,12
M050,13
M050,15
M050,16
L001,8
L001,9
L001,10
L001,11
L001,14
M044,8
M044,9
M044,10
M044,11
M044,12
M044,13
M044,14
M044,15
M044,16
D004,8
D004,9
D004,11
D004,12
D004,13
D004,14
D004,15
D004,16
M043,8
M043,9
M043,10
M043,11
M043,12
M043,13
M043,14
M043,15
M043,16
M043,17
E002,8
E002,9
E002,10
E002,11
E002,12
E002,13
E002,14
E002,15
E002,16
E002,17
T005,8
T005,9
T005,10
T005,11
T005,12
T005,13
T005,14
T005,15
T005,16
T005,17
M042,8
M042,9
M042,10
M042,11
M042,12
M042,13
M042,14
M042,15
M042,16
M042,17
L002,8
L002,9
L002,10
L002,11
L002,12
L002,13
L002,14
L002,15
L002,16
L002,17
M027,8
M027,9
M027,10
M027,11
M027,12
M027,13
M027,14
M027,15
M027,16
M027,17
L003,9
L003,10
L003,11
L003,12
L003,13
L003,14
L003,16
L003,17
M028,8
M028,9
M028,10
M028,11
M028,12
M028,13
M028,14
M028,15
M028,16
M028,17
M029,8
M029,9
M029,10
M029,11
M029,12
M029,13
M029,14
M029,15
M029,16
M029,17
M037,8
M037,9
M037,10
M037,11
M037,12
M037,13
M037,14
M037,15
M037,16
M037,17
D003,8
D003,9
D003,10
D003,11
D003,12
D003,13
D003,14
D003,15
D003,16
D003,17
M030,8
M030,9
M030,10
M030,11
M030,12
M030,13
M030,14
M030,15
M030,16
M030,17
D005,8
D005,9
D005,10
D005,11
D005,12
D005,13
D005,14
D005,15
D005,16
D005,17
M038,8
M038,9
M038,10
M038,11
M038,12
M038,13
M038,14
M038,15
M038,16
M038,17
L005,8
L005,9
L005,10
L005,11
L005,12
L005,13
L005,14
L005,15
L005,16
L005,17
M031,8
M031,9
M031,10
M031,11
M031,12
M031,13
M031,14
M031,15
M031,16
M031,17
T003,8
T003,9
T003,10
T003,11
T003,12
T003,13
T003,14
T003,15
T003,16
T003,17
M036,8
M036,9
M036,10
M036,11
M036,12
M036,13
M036,14
M036,15
M036,16
M036,17
M032,8
M032,9
M032,10
M032,11
M032,12
M032,13
M032,14
M032,15
M032,16
M032,17
M035,8
M035,9
M035,10
M035,11
M035,12
M035,13
M035,14
M035,15
M035,16
M035,17
M033,8
M033,9
M033,10
M033,11
M033,12
M033,13
M033,14
M033,15
M033,16
M033,17
M034,8
M034,9
M034,10
M034,11
M034,12
M034,13
M034,14
M034,15
M034,16
M034,17
L004,8
L004,9
L004,10
L004,12
L004,13
L004,14
L004,15
L004,16
M039,8
M039,9
M039,10
M039,11
M039,12
M039,13
M039,14
M039,15
M039,16
M039,17
L006,8
L006,9
L006,10
L006,11
L006,12
L006,14
L006,16
F001,8
F001,9
F001,12
F001,13
F001,14
F001,15
M040,8
M040,9
M040,10
M040,11
M040,12
M040,13
M040,14
M040,15
M040,16
M040,17
D006,8
D006,9
D006,10
D006,11
D006,12
D006,13
D006,14
D006,15
D006,16
M041,8
M041,9
M041,10
M041,11
M041,12
M041,13
M041,14
M041,15
M041,16
M041,17
L007,8
L007,9
L007,10
L007,11
L007,12
L007,13
L007,14
L007,15
L007,16
L007,17
F002,11
F002,12
F002,13
F002,14
F002,15
F002,16
M004,8
M004,9
M004,10
M004,11
M004,12
M004,13
M004,14
M004,15
M004,16
M004,17
M005,8
M005,9
M005,10
M005,11
M005,12
M005,13
M005,14
M005,15
M005,16
M005,17
D002,9
D002,10
D002,11
D002,12
D002,13
D002,14
D002,15
D002,16
M011,8
M011,9
M011,10
M011,11
M011,12
M011,13
M011,14
M011,15
M011,16
M011,17
M012,8
M012,9
M012,10
M012,11
M012,12
M012,13
M012,14
M012,15
M012,16
M012,17
M003,8
M003,9
M003,10
M003,11
M003,12
M003,13
M003,14
M003,15
M003,16
M003,17
M006,8
M006,9
M006,10
M006,11
M006,12
M006,13
M006,14
M006,15
M006,16
M006,17
T001,8
T001,9
T001,10
T001,11
T001,12
T001,13
T001,14
T001,15
T001,16
T001,17
M010,8
M010,9
M010,10
M010,11
M010,12
M010,13
M010,14
M010,15
M010,16
M010,17
M013,8
M013,9
M013,10
M013,11
M013,12
M013,13
M013,14
M013,15
M013,16
M013,17
M009,8
M009,9
M009,10
M009,11
M009,12
M009,13
M009,14
M009,15
M009,16
M009,17
R002,10
R002,11
R002,12
R002,14
R002,15
R002,16
R002,17
M002,8
M002,9
M002,10
M002,11
M002,12
M002,13
M002,14
M002,15
M002,16
M002,17
M007,8
M007,9
M007,10
M007,11
M007,12
M007,13
M007,14
M007,15
M007,16
M007,17
M014,8
M014,9
M014,10
M014,11
M014,12
M014,13
M014,14
M014,15
M014,16
M014,17
D013,9
D013,10
D013,11
D013,12
D013,13
D013,14
D013,15
I011,9
I011,14
I011,15
I011,16
I012,9
I012,10
I012,11
I012,14
M008,8
M008,9
M008,10
M008,11
M008,12
M008,13
M008,14
M008,15
M008,16
M008,17
M001,8
M001,9
M001,10
M001,11
M001,12
M001,13
M001,14
M001,15
M001,16
M001,17
M015,8
M015,9
M015,10
M015,11
M015,12
M015,13
M015,14
M015,15
M015,16
M015,17
M023,8
M023,9
M023,10
M023,11
M023,12
M023,13
M023,14
M023,15
M023,16
M023,17
M016,8
M016,9
M016,10
M016,11
M016,12
M016,13
M016,14
M016,15
M016,16
M016,17
D012,8
D012,9
D012,10
D012,11
D012,12
D012,13
D012,14
D012,15
D012,16
D012,17
D008,9
D008,10
D008,11
D008,12
D008,13
D008,14
D008,15
D008,16
D009,8
D009,9
D009,10
D009,11
D009,12
D009,13
D009,14
D009,15
D009,16
D016,9
D016,10
D016,11
D016,12
D016,13
D016,14
D016,15
D016,16
M022,8
M022,9
M022,10
M022,11
M022,12
M022,13
M022,14
M022,15
M022,16
M022,17
D010,9
D010,10
D010,11
D010,12
D010,13
D010,14
D010,15
D010,16
D010,17
L010,8
L010,9
L010,10
L010,11
L010,12
L010,13
L010,14
L010,15
L010,16
L010,17
M017,8
M017,9
M017,10
M017,11
M017,12
M017,13
M017,14
M017,15
M017,16
M017,17
T002,8
T002,9
T002,10
T002,11
T002,12
T002,13
T002,14
T002,15
T002,16
T002,17
R001,10
R001,11
R001,12
R001,14
R001,15
R001,16
R001,17
D007,8
D007,9
D007,10
D007,11
D007,12
D007,13
D007,14
D007,15
D007,16
D007,17
D014,8
D014,9
D014,10
D014,11
D014,12
D014,13
D014,14
D014,15
D014,16
D015,8
D015,9
D015,10
D015,11
D015,12
D015,13
D015,14
D015,15
D015,16
M018,8
M018,9
M018,10
M018,11
M018,12
M018,13
M018,14
M018,15
M018,16
M018,17
M019,8
M019,9
M019,10
M019,11
M019,12
M019,13
M019,14
M019,15
M019,16
M019,17
M021,8
M021,9
M021,10
M021,11
M021,12
M021,13
M021,14
M021,15
M021,16
M021,17
M026,8
M026,9
M026,10
M026,11
M026,12
M026,13
M026,14
M026,15
M026,16
M026,17
L009,8
L009,9
L009,10
L009,11
L009,12
L009,13
L009,14
L009,15
L009,16
L009,17
M025,8
M025,9
M025,10
M025,11
M025,12
M025,13
M025,14
M025,15
M025,16
M025,17
M024,8
M024,9
M024,10
M024,11
M024,12
M024,13
M024,14
M024,15
M024,16
M024,17
D001,8
D001,9
D001,10
D001,11
D001,12
D001,13
D001,14
D001,15
D001,16
D001,17
M020,8
M020,9
M020,10
M020,11
M020,12
M020,13
M020,14
M020,15
M020,16
M020,17
L011,9
L011,10
L011,12
L011,13
L011,14
L011,15
L011,16
D011,9
D011,10
D011,11
D011,12
D011,13
D011,14
D011,15
D011,16
M051,8
M051,9
M051,10
M051,11
M051,12
M051,13
M051,14
M051,15
M051,16
M051,17
